{"cameraMode":{"drawMode":0,"name":"Shaded","section":"Shading Mode"},"sceneLighting":false,"audioPlay":false,"sceneViewState":{"showFog":true,"showMaterialUpdate":false,"showSkybox":false,"showFlares":true,"showImageEffects":true,"showParticleSystems":true},"in2DMode":false,"pivot":{"x":0.48080000281333926,"y":-0.02839999832212925,"z":-0.0009999917820096017},"rotation":{"x":0.0149954529479146,"y":0.02309725247323513,"z":-0.00034647906431928277,"w":0.999620795249939},"size":0.08319856971502304,"orthographic":false}