{"cameraMode":{"drawMode":0,"name":"Shaded","section":"Shading Mode"},"sceneLighting":false,"audioPlay":false,"sceneViewState":{"showFog":true,"showMaterialUpdate":false,"showSkybox":false,"showFlares":true,"showImageEffects":true,"showParticleSystems":true},"in2DMode":false,"pivot":{"x":0.00435390742495656,"y":-0.011397439055144787,"z":0.009236007928848267},"rotation":{"x":0.0149954529479146,"y":0.02309725247323513,"z":-0.00034647906431928277,"w":0.999620795249939},"size":0.027892649173736573,"orthographic":false}