{"cameraMode":{"drawMode":0,"name":"Shaded","section":"Shading Mode"},"sceneLighting":false,"audioPlay":false,"sceneViewState":{"showFog":true,"showMaterialUpdate":false,"showSkybox":false,"showFlares":true,"showImageEffects":true,"showParticleSystems":true},"in2DMode":false,"pivot":{"x":0.1023000031709671,"y":-0.03739999979734421,"z":-0.027286291122436525},"rotation":{"x":0.0149954529479146,"y":0.02309725247323513,"z":-0.00034647906431928277,"w":0.999620795249939},"size":0.0869859904050827,"orthographic":false}