{"cameraMode":{"drawMode":0,"name":"Shaded","section":"Shading Mode"},"sceneLighting":false,"audioPlay":false,"sceneViewState":{"showFog":true,"showMaterialUpdate":false,"showSkybox":false,"showFlares":true,"showImageEffects":true,"showParticleSystems":true},"in2DMode":false,"pivot":{"x":0.049900002777576449,"y":-0.34619998931884768,"z":-0.0009999996982514859},"rotation":{"x":0.0149954529479146,"y":0.02309725247323513,"z":-0.00034647906431928277,"w":0.999620795249939},"size":0.053160134702920917,"orthographic":false}